{
  "project_info": {
    "project_number": "162465576328",
    "project_id": "sign-up-b6112",
    "storage_bucket": "sign-up-b6112.appspot.com"
  },
  "client": [
    {
      "client_info": {
        "mobilesdk_app_id": "1:162465576328:android:eac8f978484e344329f63d",
        "android_client_info": {
          "package_name": "com.app.uccplanner"
        }
      },
      "oauth_client": [
        {
          "client_id": "162465576328-vh04q7tar0o53diqk53v16si9p8tn74i.apps.googleusercontent.com",
          "client_type": 3
        }
      ],
      "api_key": [
        {
          "current_key": "AIzaSyA09x3YNlwj_7JDrx3l9OpNPK66j-Lw9sw"
        }
      ],
      "services": {
        "appinvite_service": {
          "other_platform_oauth_client": [
            {
              "client_id": "162465576328-vh04q7tar0o53diqk53v16si9p8tn74i.apps.googleusercontent.com",
              "client_type": 3
            }
          ]
        }
      }
    }
  ],
  "configuration_version": "1"
}